"identifier","github_username","github_id","name"
"_PROFESOR_","jdvelasq","8204100","Juan David Velásquez-Henao"
"agudelo espinosa, maria camila (maagudeloe@unal.edu.co)","Mila-Ag","96594569","Maria Camila Agudelo"
"aguilar alvarado, yeferson steven (yaguilar@unal.edu.co)","Yeferson05","72055204",""
"alvarez murillo, carolina (caalvarezmu@unal.edu.co)","caroAM22","111089061","Carolina Álvarez Murillo"
"alvarez murillo, mateo (maalvarezmu@unal.edu.co)","drifterDev","123007132","Mateo Álvarez Murillo"
"arango escobar, carlos david (caarangoe@unal.edu.co)","CarlosDavidArango","92811129",""
"arango sierra, catalina (carangosi@unal.edu.co)","Cataarangod","75914408","Catalina Arango"
"ardila quimbayo, valentina (vardilaq@unal.edu.co)","ValenArdila","111088349",""
"arenas montoya, mateo (marenasm@unal.edu.co)","marenasm","124924564","marenasm"
"arias betancur, maria camila (maariasb@unal.edu.co)","","",""
"aristizabal alzate, pedro  (paristizabala@unal.edu.co)","Pedro19ar","88119946","Pedro Aristizabal"
"balbin ramirez, sara catalina (sbalbin@unal.edu.co)","SaraBalbin","51859641","Sara Catalina Balbin Ramirez"
"ballesteros osorio, diego mauricio (dballesteroso@unal.edu.co)","dballesteroso345","87449789",""
"bastidas portilla, mayra alejandra (mbastidaspo@unal.edu.co)","Alejandraba","206333856","Mayra Alejandra Bastidas portilla"
"bedoya carmona, juan camilo (jubedoyaca@unal.edu.co)","CamiloBedoyaC","206806018","Juan Camilo Bedoya Carmona"
"bedoya ciro, anderson (abedoyaci@unal.edu.co)","abedoyaciro","112785703","Anderson Bedoya Ciro"
"bedoya garcia, santiago (sanbedoya@unal.edu.co)","sanbedoyau","126343649",""
"botero lenis, joan (jboterol@unal.edu.co)","joanboterole10","130939968",""
"builes duque, mateo (mbuilesd@unal.edu.co)","MattBuiles","141962207","Mateo Builes Duque"
"cadavid arango, juan esteban (jucadavida@unal.edu.co)","primolechuga","98437939","Juan Esteban Cadavid Arango"
"calle agudelo, maria fernanda (mcalleag@unal.edu.co)","mariafernandacll2808","124931004","Maria Fernanda Calle"
"calle becerra, juan felipe (jcalleb@unal.edu.co)","juanfelipecalleb","163940984",""
"calle garcia, juan carlos (jucalleg@unal.edu.co)","jucalleg-unal","230061005","JUAN CARLOS CALLE GARCIA"
"calle gonzalez, carlos mario (cmcalleg@unal.edu.co)","carlosmcalle","69869316","Carlos Calle"
"cano ramirez, juan pablo (jcanor@unal.edu.co)","canojuanpa800","69610871","Juan Pablo Cano Ramírez"
"cardona yepes, simon (sicardonay@unal.edu.co)","","",""
"carmona salazar, tomas (tcarmona@unal.edu.co)","tcarmona0108","180456279","Tomas Carmona Salazar"
"cartagena suarez, alejandro (acartagena@unal.edu.co)","Cartagena13","207251723","Alejandro Cartagena"
"carvajal bolivar, andres yair (ancarvajalb@unal.edu.co)","snoopbrain","87624067","ANDRES YAIR CARVAJAL BOLIVAR"
"carvajal bolivar, andres yair (ancarvajalb@unal.edu.co)-1","","",""
"castaneda villa, jaider  (jcastanedavi@unal.edu.co)","jcastaneda30","119982731","Jaider Castañeda Villa"
"castano aristizabal, karla (kcastanoa@unal.edu.co)","kcastanoa","229657071",""
"castano mira, samuel (scastanomi@unal.edu.co)","SamuCasta","141961457","Samuel Castaño Mira"
"castano uribe, juan pablo (jcastanour@unal.edu.co)","Jcastanour","125745152",""
"castilla ospina, santiago jose (scastilla@unal.edu.co)","","",""
"castro parra, alejandro (alcastrop@unal.edu.co)","","",""
"correa lozano, linda catalina (licorrea@unal.edu.co)","LindaCatalina","186944444","Linda Catalina Correa Lozano"
"correa machado, emanuel david (emcorream@unal.edu.co)","EmCorreaM","73621755",""
"correa ocampo, johan eduardo (johcorrea@unal.edu.co)","johcorrea-ship-it","230717488",""
"cortes camacho, maribel (marcortesca@unal.edu.co)","Marcortesca","124713380","Maribel Cortes Camacho"
"daza palomino, javier esteban (jedazap@unal.edu.co)","StephanosDaza","208720024","Stephanos Daza"
"diaz jaramillo, julian david (judiazj@unal.edu.co)","","",""
"dleon zuluaga, jacobo (jdleonz@unal.edu.co)","dlion7002","82424339","Jacobo D'león"
"duque gutierrez, josue (joduqueg@unal.edu.co)","JDuqueg","114895810","Josue Duque Gutierrez"
"duque vasquez, victor manuel (viduquev@unal.edu.co)","viduquev","206781147",""
"echavarria araque, juan jose (jechavarriaa@unal.edu.co)","JuanAraque11","111087169",""
"figueroa martinez, jaime manuel (jmfigueroam@unal.edu.co)","jaimemanuelf","99105750","Jaime Manuel Figueroa"
"florez henao, cristian camilo (cflorezh@unal.edu.co)","Miloflo","43497845","Cristian Camilo Florez Henao"
"galvis aguirre, johan david (jogalvisa@unal.edu.co)","jogalvisa","207262207",""
"garcia orrego, cesar augusto (cegarciao@unal.edu.co)","cegarciao","207289999","César Augusto García Orrego"
"garcia orrego, cesar augusto (cegarciao@unal.edu.co)-1","","",""
"giraldo jaramillo, juan diego (jugiraldoja@unal.edu.co)","EuronG","58050157",""
"giraldo lopez, sofia (sogiraldo@unal.edu.co)","SofiaGL082","141962316",""
"gomez cortes, carlos enrique (caegomezco@unal.edu.co)","caego","57549383","CarlosG"
"gomez gomez, henry alejandro (hegomezg@unal.edu.co)","alejoGomez75","105662794","Henry Alejandro Gómez Gómez"
"gomez henao, esteban (estgomezhen@unal.edu.co)","estgomezhen-svg","230440022",""
"gomez ramirez, efrain (egomezra@unal.edu.co)","EfraGR","123317243","Efraín Gómez"
"gomez zapata, sebastian (segomezz@unal.edu.co)","segomezz","141938389",""
"gracia granados, diego andres (dgraciag@unal.edu.co)","DiegoGG512","124928460",""
"granda munoz, manuela (magrandam@unal.edu.co)","ManuelaGrandaMunoz99","188688155",""
"greiffenstein moreno, laura isabel (lgreiffenstein@unal.edu.co)","laugrei1821","230261755","Laura Greiffenstein Moreno"
"guerra bermudez, juan jose (jguerrab@unal.edu.co)","jjguerra14","160080764","Juan Guerra B"
"gutierrez betancur, samuel (sgutierrezbe@unal.edu.co)","sgutierrezbe","159490267",""
"gutierrez florez, omar dario (odgutier@unal.edu.co)","","",""
"gutierrez martinez, juan camilo (juagutierrezma@unal.edu.co)","Camilog2004","97555202","Juan Camilo Gutiérrez Martínez"
"gutierrez osorio, samuel (sgutierrezos@unal.edu.co)","sgutierrezos04","124937449",""
"hernandez arboleda, julian david (julhernandezar@unal.edu.co)","JulianHernandez1944","207235753",""
"hernandez castillo, jimena (jihernandezc@unal.edu.co)","jihernandezc","158080357","Jimena Hernández"
"hernandez padilla, mariana (marhernandezpa@unal.edu.co)","Marihp","111605652","Mariana Hernandez"
"herrera correa, andres (anherrerac@unal.edu.co)","anherrerac","80062693","Andres Herrera Correa "
"herrera ochoa, manuela (maherreraoc@unal.edu.co)","mherrerao","207259462","Manuela Herrera "
"herrera suarez, sorany (soherreras@unal.edu.co)","SoraHrS","159492562","Sorany"
"holguin melo, juan david (jdholguinm@unal.edu.co)","jdholguinm","230619240","Juan David Holguin Melo"
"hurtado arango, fabian andres (fhurtadoa@unal.edu.co)","fhurtadoa","166963195",""
"imbacuan mena, cristian esneider (cimbacuan@unal.edu.co)","Menaa153","124626603","Cristian Imbacuan Mena"
"isaza morales, santiago (saisazamo@unal.edu.co)","saisazamo","159985540","Santiago Isaza Morales"
"jacome busaid, sara isabel (sjacome@unal.edu.co)","","",""
"largo buenahora, juan carlos (jlargob@unal.edu.co)","imlargo","134282467","Juan Carlos Largo"
"lavergne velez, sebastian (slavergne@unal.edu.co)","Selav1401","112003794","slavergne"
"leal loaiza, leidy marcela (lmleall@unal.edu.co)","lmleall","206331327",""
"ledesma patino, jeronimo (jledesmap@unal.edu.co)","JEROLPOA2","92282918","Jeronimo Ledesma Patiño"
"londono anzola, danna valeria (dalondonoa@unal.edu.co)","DannaLondono","230274795",""
"londono giraldo, santiago (slondonogi@unal.edu.co)","SantiagoLondono16","160067878","Santiago Londoño Giraldo"
"londono londono, jose daniel (jlondonolo@unal.edu.co)","jlondonolo","126289622","José Daniel Londoño Londoño"
"londono vahos, daniel (danlondonova@unal.edu.co)","danlondonova","207220647",""
"lopez narvaez, reinaldo david (rlopezn@unal.edu.co)","Reinaldo-06","89425028","Reinaldo Lopez"
"lopez posada, alejandro (allopezp@unal.edu.co)","Origimed","144173393","Alejandro Lopez"
"lopez ramirez, juan felipe (jualopezra@unal.edu.co)","Felo-afk","74198982","Felipe López "
"lujan robledo, valentina (vlujan@unal.edu.co)","ValentinaLujan12","159487000",""
"macias jaramillo, juan esteban (jmaciasj@unal.edu.co)","macias7-jllo","230717709",""
"maldonado meza, jhonnathan david (jhmaldonado@unal.edu.co)","ProfesorRay","123910230","Jhonnathan Maldonado "
"mazo pacheco, hugo andres (hamazop@unal.edu.co)","hamazop","190158591",""
"mejia arango, emmanuel alberto (emmejiaa@unal.edu.co)","emmejiaa","159840065","Emmanuel Alberto Mejia Arango"
"mejia arango, maria camila (mmejiaar@unal.edu.co)","MCMA","157974795",""
"mejia garcia, santiago andres (saamejiaga@unal.edu.co)","","",""
"melendez quintero, jacobo (jmelendezq@unal.edu.co)","Mid1602","140465913","JacoboMelendezQuintero"
"melguizo builes, eliana maria (emmelguizob@unal.edu.co)","ElianaMelguizoBuiles","207258883","Melguizo Builes, Eliana"
"mendez uribe, camilo andres (cmendez@unal.edu.co)","Camilo22050","146848746",""
"mercado turizo, omar david (omercado@unal.edu.co)","Omercado10","81435195","Omar Mercado"
"mesa calle, sebastian (semesac@unal.edu.co)","Sebasmesacalle","149703896",""
"molina vasquez, jose manuel (jomolinav@unal.edu.co)","jomolinav","111089102","Jose Manuel Molina Vásquez"
"monsalve carvajal, kelly yohana (kemonsalvec@unal.edu.co)","kemonsalvec","230053618",""
"monsalve ruiz, angelo yesid (aymonsalver@unal.edu.co)","aymonsalver","92938521","Angelo Yesid Monsalve Ruiz"
"montoya jaramillo, brando yesid (bmontoyaj@unal.edu.co)","b0mbillo","51836519","Brando Montoya"
"montoya montoya, david (dmontoyamo@unal.edu.co)","DavidMontoya06","80774828",""
"montoya vargas, alejandro (almontoyav@unal.edu.co)","AlejandroMontoyaV","105532708","Alejandro Montoya Vargas"
"mora montero, mateo sebastian (mmora@unal.edu.co)","Mmora-07","190795404",""
"morales cardona, joseph gabriel (jmoralesca@unal.edu.co)","JosephMoralesC","80478064",""
"morales cardona, joseph gabriel (jmoralesca@unal.edu.co)-1","","",""
"morales martinez, sergio mario (semoralesm@unal.edu.co)","Eslaro","148128231","Eslaro"
"moreno rodriguez, miguel angel (mimorenoro@unal.edu.co)","MIGUELMORENO3200","171712472","moreno rodriguez, miguel angel (mimorenoro@unal.edu.co)"
"munera pulgarin, juan jose (jumunerap@unal.edu.co)","JJMunera","143112843",""
"munoz cardenas, wilson alexander (wmunozc@unal.edu.co)","Alex-Mu2oz","105660723","Wilson Alexander Muñoz Cardenas"
"navarro pedrozo, libardo jose (linavarrop@unal.edu.co)","Libardo-Navarro","188370660",""
"ocampo galvis, sebastian  (seocampog@unal.edu.co)","sebocg10","206867735","Sebastián Ocampo Galvis"
"ochoa ramirez, jacobo (jochoara@unal.edu.co)","jaco8ar","124937427",""
"orozco ochoa, alejandro (aorozcooc@unal.edu.co)","brokie636","104879191","Alejandro Orozco Ochoa"
"ortiz bedoya, andres (anortizb@unal.edu.co)","anortizb","145217966","Andres Ortiz B"
"osorno munoz, luis gabriel (losornom@unal.edu.co)","losornom-spec","228835770",""
"ospina bedoya, anna (anospina@unal.edu.co)","","",""
"ospina narvaez, valentina  (vospinan@unal.edu.co)","ValentinaON","111089153",""
"pabuena gomez, juan sebastian (jpabuena@unal.edu.co)","jpabuena","110312438",""
"padilla marimon, valentin jose (vpadillam@unal.edu.co)","ValePadilla11","93160319",""
"pemberthy castano, jerson (jpemberthy@unal.edu.co)","Jersonp0527","54873492","Jerson Pemberthy Castaño"
"perez coronado, juan sebastian (jperezcor@unal.edu.co)","Sebaxwz","197143636","Sebastian Perez"
"perez echavarria, simon (spereze@unal.edu.co)","spereze27","171607540","Simon perez"
"perez montoya, diego alejandro (dieperezmo@unal.edu.co)","dieperezmo-eng","230587648","perez montoya, diego alejandro"
"perez quintero, oscar david (operezq@unal.edu.co)","operezq","111613509","Oscar Pérez"
"perez zea, veronica (vperezz@unal.edu.co)","Veritoo123","112337712",""
"pineda sanchez, juan jose (jpinedasa@unal.edu.co)","JuanSanchez1193","124926749","Juan Jose Pineda Sanchez"
"plazas orduz, cristian leonardo (cplazaso@unal.edu.co)","cristian8orduz","141981847","Cristian Leonardo Plazas Orduz"
"porto lopez, jesus miguel (jporto@unal.edu.co)","JPortoL","124703694","Jesús Miguel Porto López"
"ramirez gonzalez, omar (omramirezg@unal.edu.co)","omramirezg","230037593",""
"ramirez gonzalez, omar (omramirezg@unal.edu.co)-1","","",""
"ramirez ramirez, isabel cristina (isramirezr@unal.edu.co)","ICR07","112337111",""
"ramirez reyes, michael steven (miramirez@unal.edu.co)","Miramirez22","92930870","Michael Ramirez"
"ramirez rodriguez, jaffet (jaframirezro@unal.edu.co)","Jaffet18","206535761",""
"ramirez suarez, andres felipe (aramirezsu@unal.edu.co)","aramirezsuarez","143455191",""
"restrepo leon, monica sofia (morestrepol@unal.edu.co)","monicasofiarestrepo","65642162","Mónica Restrepo L."
"restrepo salgado, catalina (catrestreposa@unal.edu.co)","CatalinaRpoS","66125382","Catalina Restrepo Salgado"
"rivera mejia, santiago (sriverame@unal.edu.co)","SanRive","92110773","Santiago Rivera Mejia"
"rodriguez henao, valentina (vrodriguezhe@unal.edu.co)","valtinarh","144085605","Valentina Rodriguez Henao"
"rodriguez ramirez, juan esteban (jurodriguezra@unal.edu.co)","jurodriguezra-ops","230718175",""
"rodriguez suarez, sebastian (srodriguezsu@unal.edu.co)","srodriguezsu","129565458","Sebastian Rodriguez Suarez"
"rojas hernandez, daniel alejandro (drojash@unal.edu.co)","dan-reds","172284606","Daniel Alejandro Rojas Hernandez"
"salas clavijo, juan pablo (jsalasc@unal.edu.co)","JuanPaSc","111824232","Juan Pablo Salas Clavijo"
"salinas zapata, nelson andres (nsalinas@unal.edu.co)","nsalinas350","80347341",""
"sanchez villota, daniel alejandro (dasanchezvi@unal.edu.co)","danisanchez7","177849941","Daniel Sanchez "
"sanchez villota, juan pablo (jusanchezvi@unal.edu.co)","jps4nchez","187055976","Juan Pablo "
"sanin colorado, laura (lsaninc@unal.edu.co)","laurasanin","85263321","Laura Sanín "
"serrano herrera, ana maria (amserranoh@unal.edu.co)","amserranoh09","206960908","Ana María Serrano Herrera"
"sosa garcia, santiago (ssosag@unal.edu.co)","ssosag","111092909","Santiago Sosa"
"sosa soto, mariano andres (msosa@unal.edu.co)","msosasoto","222114528","Mariano Andrés Sosa Soto"
"suarez guzman, paula andrea (pasuarezgu@unal.edu.co)","Pau-dna","161689914","Paula Suarez"
"suarez londono, sara isabel (ssuarezlo@unal.edu.co)","Sabelsl","141966602",""
"taborda medina, felipe  (ftabordam@unal.edu.co)","","",""
"taborda montes, paula andrea (ptabordam@unal.edu.co)","PaulaTaborda7","75028476","Paula Andrea Taborda Montes"
"tamayo guarin, valentina (vatamayog@unal.edu.co)","vatamayog","73561521","Valentina Tamayo"
"torrado calderon, alejandro (atorradoc@unal.edu.co)","AlejandroTorradoCalderon","112442070",""
"trejos gamboa, juan david (jtrejosg@unal.edu.co)","JuanDavidTrejos","124928487","Trejos1906"
"usuga restrepo, jaime andres (jausugar@unal.edu.co)","","",""
"valencia hincapie, juan camilo (jvalenciah@unal.edu.co)","GiBsyGG","63319631","Juan Valencia"
"valencia rios, mariana (mavalenciari@unal.edu.co)","MaValenciaR","183560267",""
"vanegas moreno, juan pablo (juvanegas@unal.edu.co)","pablovanegas","104100454",""
"vanegas vasquez, santiago (svanegasv@unal.edu.co)","SATVanegas","124936176","Santiago Vanegas Vasquez"
"varela ojeda, luis alejandro (luvarelao@unal.edu.co)","LuisVarel4","124922347","Luis Varela"
"varela vanegas, santiago  (savarelav@unal.edu.co)","Savarelav18","111089079",""
"vargas tirado, monica paola (movargast@unal.edu.co)","movargast","230717952",""
"vargas valencia, miguel angel (mivargasv@unal.edu.co)","MIGUEVARVAL1","174833013","Miguel Ángel Vargas Valencia"
"vega alvarado, jessica paola (jevegaa@unal.edu.co)","Jevega14","111544730","Jessica Vega"
"velez fernandez, felipe  (fevelezf@unal.edu.co)","fevelezf","124928414","Felipe Vélez Fernández"
"velez sepulveda, emanuel (emvelezse@unal.edu.co)","emvelezse","207260538",""
"zambrano gonzalez, daniel david (dzambranog@unal.edu.co)","DanielZambrano00","206869614",""
"zapata arrubla, maria camila (mzapataar@unal.edu.co)","","",""
